{"cameraMode":{"drawMode":0,"name":"Shaded","section":"Shading Mode"},"sceneLighting":true,"audioPlay":false,"sceneViewState":{"showFog":true,"showMaterialUpdate":false,"showSkybox":true,"showFlares":true,"showImageEffects":true,"showParticleSystems":true},"in2DMode":false,"pivot":{"x":-2.9539594650268556,"y":25.902315139770509,"z":33.74117660522461},"rotation":{"x":0.22927318513393403,"y":0.09707973152399063,"z":-0.022979101166129113,"w":0.9682362079620361},"size":288.48577880859377,"orthographic":false}