{"cameraMode":{"drawMode":0,"name":"Shaded","section":"Shading Mode"},"sceneLighting":true,"audioPlay":false,"sceneViewState":{"showFog":true,"showMaterialUpdate":false,"showSkybox":true,"showFlares":true,"showImageEffects":true,"showParticleSystems":true},"in2DMode":false,"pivot":{"x":34.48003387451172,"y":18.778579711914064,"z":-13.551665306091309},"rotation":{"x":-0.7125082612037659,"y":-0.011788503266870976,"z":0.011974599212408066,"w":-0.70146244764328},"size":188.9161376953125,"orthographic":false}